circuit,"SelectionByNormal
IndexArray
LineBoxIntersect"
divider_cube,
divider_plane,Mix3Pt
grid_move,"NumVaration
choice
Tracer(T)"
hilbert_curve_2d,Points2Line(G)
hilbert_curve_3d,"FlipMatrix
Points2Line(G)"
jenga_structure,NumVaration
koch_curve,"Points2Line(G)
n-Side"
ray_collider,RayCollider
reflect_line,"RayCollider
Dispatch
IndexMap
KeyValueSort(E)"
repulsion(rect),"NumVaration
SelfPair
AABB(P)
MinMidMax
ArrayMath
Rectangle
RandomSize
InBox"
repulsion,"n-Side
RandomSize
SelfPair
ArrayMath"
surface_helix,"HelixPoints
RayCollider
Dispatch
IndexMap
KeyValueSort(E)"
surface_labyrinth,Peak
voxelize,SetEdgeMinLen
cloth_dynamic_e,SampleNoise3D
connect_c,"ConvexHull3D
SafeLoop2D"
ex201008,"PushApart
SelfPair
NumVaration
IsSimilar(float)
Arc
Mul(G)
ConnectLine(T)
InBox
LineLength"
flock,"RandomSize
InBox
SpaceGridSet
SpaceGridGet"
kagome_weaving,ConnectGeoArray
plexus_like,"SpaceGridSet
SpaceGridGet
RandomMovement
InBox
"
spline_dynamic_m,SampleNoise3D
voronoi_2d_manhattan,"InBox
PushApart
Mul(G)
Index_2_1
Index_1_2"
curl_noise,"CurlNoise
Tracer(T)
InBox
PushApart"
surface_climbing_c,"Tracer(T)
SpaceGridSet
SpaceGridGet
Peak
Laplace Smooth
Shuffle
SampleNoise3D"
differential_line,"SpaceGridSet
SpaceGridGet
Points2Line(G)
n-Side"
slice,"Mul(G)
PlaneCut
ConnectLines
Points2Line(2D)
LineResample(C)"
converge,"Sunflower
LineResample
Tracer(T)
NumVaration
SafeNormalize"
fake_softbody_form,"n-Side
InBox
Mul(G)
RandomSize
PushApart(M)
SelfPair

"
dijkstra,"MoveOnePoint
Index_2_1
IndexMap
IndexArray
"
ex201024,"RandomGrid(T)
RemoveDouble(P)
SelfPair
SafeNormalize
IsSimilar(float)
LineBoxIntersect
Divide2Pt
PointLineDistance
KeyValueSort(E)
Mul(G)
HoleSquare
SelectionByNormal
RandomColor"
labyrinth_3d,"RemoveDoublePt
SpaceGridSet
SpaceGridGet(1)
Mul(G)
IndexMap
ConnectGeoArray
RemoveDoubleFace(B)"
ex_201114,Mul(G)
ex_201118,"InBox
SelfPair
n-Side
Mul(G)
Choice
Points2Line(G)
PointLineDistance

"
cube_210105,"Disconnect
isPlanar
Index_2_1"
holes_210125,"Tri_Incentre
ConnectGeoArray"
ex_210302,"Index_2_1
Index_1_2
setVecById
"
ex_210303,"IndexArray
ConnectGeoArray"
